ENROLLMENT FORM (Revised 2018),,,,,,,,,,Cellphone No.:,,,,
ZAMBOANGA CITY STATE POLYTECHNIC COLLEGE,,,,,,,,,,Email Address:,,,,
(Registrar's Copy),,,,,,,,,,LRN,,,,
,,,,,,,,,,TRB No.,,,,
,,,,,,,,,,,,,,
Family Name,,,,Given Name,,,,,Middle Name,,,Date,,
,,,,,,,,,,,,,,
College/Department,,,,Curriculum/Program,,,Major,,,,Student No.,,Student Type,
,,,,,,,N/A,,,,,,,
________________________________________________________,,,,__________________,,,_____________________________________________,,,,___________________,,,
SEMESTER,(PEC),,,Curriculum Year,,,Sex,,,,,,,
,,,,,,,,Date of Birth:,,,Age:,,,
,,,,,,,,Address:,,,,,,
,,,,,,,,,,,,,,
STATUS OF REGISTRATION,,,,,,,,,,Scholarship/Priviledge,,,,
,,,,,,,,,,,,,,
,,,,,,,,Credentials,,Certified by:,,,,
,,,,,,,,,,,,,,
SUBJECTS,,,,,Units ,DAYS AND TIME,,Sec.,Room/Bldg,Final Rating,Remarks,Posted by,Instructor/Professor,
,,,,,,,,,,,,,,
,,,,,,,,,,,,,,
,,,,,,,,,,,,,,
,,,,,,,,,,,,,,
,,,,,,,,,,,,,,
,,,,,,,,,,,,,,
,,,,,,,,,,,,,,
,,,,,,,,,,,,,,
,,,,,,,,,,,,,,
,,,,,,,,,,,,,,
,,,,,,,,,,,,,,
,,,,,,,,,,,,,,
,,,,,,,,,,,,,,
,,,,,,,,,,,,,,
,,,,,,,,,,,,,,
,,,,,,Curriculum Adviser:,,Approved:,,,,,Date,
TOTAL SUBJECTS,,Total Units,,,,"__________________
Signature",,"_________________________
Dean's Signature",,,,,,
NSTP,,,,,,,,,,,Noted:,,,
,,,,,,"__________________
Commandant/Director",,"_________________________
Assessment/Cashier",,,"_________________________
Registrar's Signature",,,
,,,,,,,,,,,,,,
,,,,,,,,,,,,,,
,,,,,,,,,,,,,,
